{
  "@context": {
    "schema": "http://schema.org/",
    "rdf": "http://www.w3.org/1999/02/22-rdf-syntax-ns#",
    "rdfs": "http://www.w3.org/2000/01/rdf-schema#",
    "bioschemas": "https://discovery.biothings.io/view/bioschemas/"
  },
  "@graph": [
    {
      "@id": "bioschemas:Taxon",
      "@type": "rdfs:Class",
      "rdfs:comment": "A set of organisms asserted to represent a natural cohesive biological unit.",
      "rdfs:label": "Taxon",
      "rdfs:subClassOf": {
        "@id": "schema:Thing"
      },
      "$validation": {
        "$schema": "http://json-schema.org/draft-07/schema#",
        "type": "object",
        "properties": {
          "vernacularName": {
            "description": "A vernacular (common) name of the taxon",
            "oneOf": [
              {
                "type": "string"
              },
              {
                "type": "array",
                "items": {
                  "type": "string"
                }
              }
            ]
          },
          "childTaxon": {
            "description": "Closest child taxa of the taxon in question. Inverse property: parentTaxon",
            "anyOf": [
              {
                "$ref": "#/definitions/taxon"
              },
              {
                "type": "array",
                "items": {
                  "$ref": "#/definitions/taxon"
                }
              },
              {
                "type": "string"
              },
              {
                "type": "array",
                "items": {
                  "type": "string"
                }
              },
              {
                "type": "string",
                "format": "uri"
              },
              {
                "type": "array",
                "items": {
                  "type": "string",
                  "format": "uri"
                }
              }
            ]
          },
          "parentTaxon": {
            "description": "Closest parent taxon of the taxon in question. Inverse property: childTaxon",
            "anyOf": [
              {
                "$ref": "#/definitions/taxon"
              },
              {
                "type": "array",
                "items": {
                  "$ref": "#/definitions/taxon"
                }
              },
              {
                "type": "string"
              },
              {
                "type": "array",
                "items": {
                  "type": "string"
                }
              },
              {
                "type": "string",
                "format": "uri"
              },
              {
                "type": "array",
                "items": {
                  "type": "string",
                  "format": "uri"
                }
              }
            ]
          },
          "taxonRank": {
            "description": "The taxonomic rank of this taxon given preferably as a URI from a controlled vocabulary \u2013 (typically the ranks from TDWG TaxonRank ontology or equivalent Wikidata URIs).",
            "anyOf": [
              {
                "$ref": "#/definitions/propertyValue"
              },
              {
                "type": "array",
                "items": {
                  "$ref": "#/definitions/propertyValue"
                }
              },
              {
                "type": "string"
              },
              {
                "type": "array",
                "items": {
                  "type": "string"
                }
              },
              {
                "type": "string",
                "format": "uri"
              },
              {
                "type": "array",
                "items": {
                  "type": "string",
                  "format": "uri"
                }
              }
            ]
          },
          "additionalType": {
            "description": "A Taxon type from a well known vocabulary, e.g. DarwinCore http://rs.tdwg.org/dwc/terms/Taxon or http://rs.tdwg.org/ontology/voc/TaxonConcept#TaxonConcept.",
            "oneOf": [
              {
                "type": "string",
                "format": "uri"
              },
              {
                "type": "array",
                "items": {
                  "type": "string",
                  "format": "uri"
                }
              }
            ]
          },
          "alternateName": {
            "description": "Scientific name, with authorship and date information if known, of a synonym of the currently valid (zoological) or accepted (botanical) name.",
            "oneOf": [
              {
                "type": "string"
              },
              {
                "type": "array",
                "items": {
                  "type": "string"
                }
              }
            ]
          },
          "name": {
            "description": "Currently valid (zoological) or accepted (botanical) name for that taxon, with authorship and date information if known.",
            "type": "string"
          },
          "sameAs": {
            "description": "URL of third-party webpages describing the same taxon",
            "oneOf": [
              {
                "type": "string",
                "format": "uri"
              },
              {
                "type": "array",
                "items": {
                  "type": "string",
                  "format": "uri"
                }
              }
            ]
          },
          "url": {
            "description": "URL of the item.",
            "type": "string",
            "format": "uri"
          }
        },
        "required": [
          "taxonRank",
          "name"
        ],
        "definitions":{
            "taxon": {
                "@type": "bioschemas:Taxon",
                "type": "object",
                "properties": {
                  "name": {
                    "type": "string"
                  },
                  "taxonRank": {
                    "anyOf": [
                                  {
                                    "$ref": "#/definitions/propertyValue"
                                  },
                                  {
                                    "type": "array",
                                    "items": {
                                      "$ref": "#/definitions/propertyValue"
                                    }
                                  },
                                  {
                                    "type": "string"
                                  },
                                  {
                                    "type": "array",
                                    "items": {
                                      "type": "string"
                                    }
                                  },
                                  {
                                    "type": "string",
                                    "format": "uri"
                                  },
                                  {
                                    "type": "array",
                                    "items": {
                                      "type": "string",
                                      "format": "uri"
                                    }
                                  }
                                ]
                  }
                },
                "required": [
                  "name",
                  "taxonRank"
                ]   
            },
            "propertyValue": {
                "@type": "PropertyValue",
                "type": "object",
                "properties": {
                  "name": {
                    "type": "string"
                  },
                  "value": {
                    "type": "string"    
                  }
                },
                "required": [
                ]  
            }
        }
      }
    },
    {
      "@id": "bioschemas:childTaxon",
      "@type": "rdf:Property",
      "rdfs:comment": "Closest child taxa of the taxon in question. Inverse property: parentTaxon",
      "rdfs:label": "childTaxon",
      "schema:domainIncludes": {
        "@id": "bioschemas:Taxon"
      },
      "schema:rangeIncludes": [
        {
          "@id": "bioschemas:Taxon"
        },
        {
          "@id": "schema:Text"
        },
        {
          "@id": "schema:URL"
        }
      ]
    },
    {
      "@id": "bioschemas:parentTaxon",
      "@type": "rdf:Property",
      "rdfs:comment": "Closest parent taxon of the taxon in question. Inverse property: childTaxon",
      "rdfs:label": "parentTaxon",
      "schema:domainIncludes": {
        "@id": "bioschemas:Taxon"
      },
      "schema:rangeIncludes": [
        {
          "@id": "bioschemas:Taxon"
        },
        {
          "@id": "schema:Text"
        },
        {
          "@id": "schema:URL"
        }
      ]
    },
    {
      "@id": "bioschemas:taxonRank",
      "@type": "rdf:Property",
      "rdfs:comment": "The taxonomic rank of this taxon given preferably as a URI from a controlled vocabulary \u2013 (typically the ranks from TDWG TaxonRank ontology or equivalent Wikidata URIs).",
      "rdfs:label": "taxonRank",
      "schema:domainIncludes": {
        "@id": "bioschemas:Taxon"
      },
      "schema:rangeIncludes": [
        {
          "@id": "schema:PropertyValue"
        },
        {
          "@id": "schema:Text"
        },
        {
          "@id": "schema:URL"
        }
      ]
    },
    {
      "@id": "bioschemas:vernacularName",
      "@type": "rdf:Property",
      "rdfs:comment": "A vernacular (common) name of the taxon",
      "rdfs:label": "vernacularName",
      "schema:domainIncludes": {
        "@id": "bioschemas:Taxon"
      },
      "schema:rangeIncludes": [
        {
          "@id": "schema:Text"
        }
      ]
    },
    {
      "@id": "bioschemas:BioChemEntity",
      "@type": "rdfs:Class",
      "rdfs:comment": "Any biological, chemical, or biochemical thing. For example: a protein; a gene; a chemical; a synthetic chemical.",
      "rdfs:label": "BioChemEntity",
      "rdfs:subClassOf": {
        "@id": "schema:Thing"
      },
      "$validation": {
        "$schema": "http://json-schema.org/draft-07/schema#",
        "type": "object",
        "properties": {
          "associatedDisease": {
            "description": "Disease associated to this BioChemEntity. Such a disease can be a MedicalCondition or a URL. If you want to add an evidence supporting the association, please use PropertyValue.",
            "description": "Disease associated to this BioChemEntity. Such a disease can be a MedicalCondition or a URL. If you want to add an evidence supporting the association, please use PropertyValue.",
                "anyOf": [
                  {
                    "$ref": "#/definitions/medicalCondition"
                  },
                  {
                    "type": "array",
                    "items": {
                      "$ref": "#/definitions/medicalCondition"
                    }
                  },
                  {
                    "$ref": "#/definitions/propertyValue"
                  },
                  {
                    "type": "array",
                    "items": {
                      "$ref": "#/definitions/propertyValue"
                    }
                  },
                  {
                    "type": "string",
                    "format": "uri"
                  },
                  {
                    "type": "array",
                    "items": {
                      "type": "string",
                      "format": "uri"
                    }
                  }
                ]
          },
          "bioChemInteraction": {
            "description": "A BioChemEntity that is know to interact with this item.",
            "oneOf": [
              {
                "$ref": "#/definitions/bioChemEntity"
              },
              {
                "type": "array",
                "items": {
                  "$ref": "#/definitions/bioChemEntity"
                }
              }
            ]
          },
          "bioChemSimilarity": {
            "description": "A similar molecular entity, e.g., obtained by fingerprint similarity algorithm.",
            "oneOf": [
              {
                "$ref": "#/definitions/bioChemEntity"
              },
              {
                "type": "array",
                "items": {
                  "$ref": "#/definitions/bioChemEntity"
                }
              }
            ]
          },
          "biogicalRole": {
            "description": "A role played by the molecular entity within a biological context.",
            "oneOf": [
              {
                "$ref": "#/definitions/definedTerm"
              },
              {
                "type": "array",
                "items": {
                  "$ref": "#/definitions/definedTerm"
                }
              }
            ]
          },
          "hasBioChemEntityPart": {
            "description": "Indicates a BioChemEntity that (in some sense) has this BioChemEntity as a part. Inverse property: isPartOfBioChemEntity",
            "oneOf": [
              {
                "$ref": "#/definitions/bioChemEntity"
              },
              {
                "type": "array",
                "items": {
                  "$ref": "#/definitions/bioChemEntity"
                }
              }
            ]
          },
          "hasMolecularFunction": {
            "description": "Molecular function performed by this BioChemEntity; please use PropertyValue if you want to include any evidence.",
            "anyOf": [
              {
                "$ref": "#/definitions/definedTerm"
              },
              {
                "type": "array",
                "items": {
                  "$ref": "#/definitions/definedTerm"
                }
              },
              {
                "$ref": "#/definitions/propertyValue"
              },
              {
                "type": "array",
                "items": {
                  "$ref": "#/definitions/propertyValue"
                }
              },
              {
                "type": "string"
              },
              {
                "type": "array",
                "items": {
                  "type": "string"
                }
              },
              {
                "type": "string",
                "format": "uri"
              },
              {
                "type": "array",
                "items": {
                  "type": "string",
                  "format": "uri"
                }
              }
            ]
          },
          "hasRepresentation": {
            "description": "A common representation such as a protein sequence or chemical structure for this entity. For images use schema.org/image.",
            "anyOf": [
              {
                "$ref": "#/definitions/definedTerm"
              },
              {
                "type": "array",
                "items": {
                  "$ref": "#/definitions/definedTerm"
                }
              },
              {
                "$ref": "#/definitions/propertyValue"
              },
              {
                "type": "array",
                "items": {
                  "$ref": "#/definitions/propertyValue"
                }
              },
              {
                "type": "string"
              },
              {
                "type": "array",
                "items": {
                  "type": "string"
                }
              },
              {
                "type": "string",
                "format": "uri"
              },
              {
                "type": "array",
                "items": {
                  "type": "string",
                  "format": "uri"
                }
              }
            ]
          },
          "isEncodedByBioChemEntity": {
            "description": "Another BioChemEntity encoding this one. Inverse property: encodesBioChemEntity.",
            "oneOf": [
              {
                "$ref": "#/definitions/gene"
              },
              {
                "type": "array",
                "items": {
                  "$ref": "#/definitions/gene"
                }
              }
            ]
          },
          "isInvolvedInBiologicalProcess": {
            "description": "Biological process this BioChemEntity is involved in; please use PropertyValue if you want to include any evidence.",
            "anyOf": [
              {
                "$ref": "#/definitions/definedTerm"
              },
              {
                "type": "array",
                "items": {
                  "$ref": "#/definitions/definedTerm"
                }
              },
              {
                "$ref": "#/definitions/propertyValue"
              },
              {
                "type": "array",
                "items": {
                  "$ref": "#/definitions/propertyValue"
                }
              },
              {
                "type": "string",
                "format": "uri"
              },
              {
                "type": "array",
                "items": {
                  "type": "string",
                  "format": "uri"
                }
              }
            ]
          },
          "isLocatedInSubcellularLocation": {
            "description": "Subcellular location where this BioChemEntity is located; please use PropertyValue if you want to include any evidence.",
            "anyOf": [
              {
                "$ref": "#/definitions/definedTerm"
              },
              {
                "type": "array",
                "items": {
                  "$ref": "#/definitions/definedTerm"
                }
              },
              {
                "$ref": "#/definitions/propertyValue"
              },
              {
                "type": "array",
                "items": {
                  "$ref": "#/definitions/propertyValue"
                }
              },
              {
                "type": "string",
                "format": "uri"
              },
              {
                "type": "array",
                "items": {
                  "type": "string",
                  "format": "uri"
                }
              }
            ]
          },
          "isPartOfBioChemEntity": {
            "description": "Indicates a BioChemEntity that is (in some sense) a part of this BioChemEntity. Inverse property: hasBioChemEntityPart",
            "oneOf": [
              {
                "$ref": "#/definitions/bioChemEntity"
              },
              {
                "type": "array",
                "items": {
                  "$ref": "#/definitions/bioChemEntity"
                }
              }
            ]
          },
          "taxonomicRange": {
            "description": "The taxonomic grouping of the organism that expresses, encodes, or in someway related to the BioChemEntity.",
            "anyOf": [
              {
                "$ref": "#/definitions/definedTerm"
              },
              {
                "type": "array",
                "items": {
                  "$ref": "#/definitions/definedTerm"
                }
              },
              {
                "$ref": "#/definitions/taxon"
              },
              {
                "type": "array",
                "items": {
                  "$ref": "#/definitions/taxon"
                }
              },
              {
                "type": "string"
              },
              {
                "type": "array",
                "items": {
                  "type": "string"
                }
              },
              {
                "type": "string",
                "format": "uri"
              },
              {
                "type": "array",
                "items": {
                  "type": "string",
                  "format": "uri"
                }
              }
            ]
          },
          "alternateName": {
            "description": "An alias for the item.",
            "oneOf": [
              {
                "type": "string"
              },
              {
                "type": "array",
                "items": {
                  "type": "string"
                }
              }
            ]
          },
          "description": {
            "description": "A description of the item.",
            "type": "string"
          },
          "disambiguatingDescription": {
            "description": "A sub property of description. A short description of the item used to disambiguate from other, similar items. Information from other properties (in particular, name) may be necessary for the description to be useful for disambiguation.",
            "type": "string"
          },
          "identifier": {
            "description": "The identifier property represents any kind of identifier for any kind of <a class=\"localLink\" href=\"http://schema.org/Thing\">Thing</a>, such as ISBNs, GTIN codes, UUIDs etc. Schema.org provides dedicated properties for representing many of these, either as textual strings or as URL (URI) links. See <a href=\"/docs/datamodel.html#identifierBg\">background notes</a> for more details.",
            "anyOf": [
              {
                "$ref": "#/definitions/propertyValue"
              },
              {
                "type": "string"
              },
              {
                "type": "string",
                "format": "uri"
              }
            ]
          },
          "image": {
            "description": "An image of the item. This can be a <a class=\"localLink\" href=\"http://schema.org/URL\">URL</a> or a fully described <a class=\"localLink\" href=\"http://schema.org/ImageObject\">ImageObject</a>.",
            "oneOf": [
              {
                "type": "string",
                "format": "uri"
              },
              {
                "type": "array",
                "items": {
                  "type": "string",
                  "format": "uri"
                }
              }
            ]
          },
          "name": {
            "description": "The name of the item.",
            "type": "string"
          },
          "sameAs": {
            "description": "URL of a reference Web page that unambiguously indicates the item's identity. E.g. the URL of the item's Wikipedia page, Wikidata entry, or official website.",
            "oneOf": [
              {
                "type": "string",
                "format": "uri"
              },
              {
                "type": "array",
                "items": {
                  "type": "string",
                  "format": "uri"
                }
              }
            ]
          },
          "url": {
            "description": "URL of the item.",
            "oneOf": [
              {
                "type": "string",
                "format": "uri"
              },
              {
                "type": "array",
                "items": {
                  "type": "string",
                  "format": "uri"
                }
              }
            ]
          }
        },
        "required": [],
        "definitions":{
          "taxon": {
            "@type": "bioschemas:Taxon",
            "type": "object",
            "properties": {
              "name": {
                "type": "string"
              },
              "taxonRank": {
                "anyOf": [
                  {
                    "$ref": "#/definitions/propertyValue"
                  },
                  {
                    "type": "array",
                    "items": {
                      "$ref": "#/definitions/propertyValue"
                    }
                  },
                  {
                    "type": "string"
                  },
                  {
                    "type": "array",
                    "items": {
                      "type": "string"
                    }
                  },
                  {
                    "type": "string",
                    "format": "uri"
                  },
                  {
                    "type": "array",
                    "items": {
                      "type": "string",
                      "format": "uri"
                    }
                  }
                ]
              }
            },
            "required": [
              "name",
              "taxonRank"
            ]   
            },
          "propertyValue": {
            "@type": "PropertyValue",
            "type": "object",
            "properties": {
              "name": {
                "type": "string"
              },
              "value": {
                "type": "string"    
              }
            },
            "required": [
            ]  
          },
          "definedTerm": {
            "@type": "DefinedTerm",
            "type": "object",
            "properties": {
              "url": {
                "type": "string",
                "format": "uri"
              },
              "name": {
                "type": "string"    
              },
              "termCode": {
                "type": "string"
              }
            },
            "required": [
            ]  
          },
          "medicalCondition": {
            "@type": "MedicalCondition",
            "type": "object",
            "properties": {
              "url": {
                "type": "string",
                "format": "uri"
              },
              "name": {
                "type": "string"    
              }
            },
            "required": [
            ]  
          },
          "bioChemEntity" : {
            "@type": "bioschemas:BioChemEntity",
            "type": "object",
            "properties": {
              "url": {
                "type": "string",
                "format": "uri"
              },
              "name": {
                "type": "string"    
              }
            },
            "required": [
            ]  
          },
          "gene" : {
            "@type": "bioschemas:Gene",
            "type": "object",
            "properties": {
              "identifier": {
                "anyOf": [
                  {
                    "$ref": "#/definitions/propertyValue"
                  },
                  {
                    "type": "string"
                  },
                  {
                    "type": "string",
                    "format": "uri"
                  }
                ]
              },
              "name": {
                "type": "string"    
              }
            },
            "required": [
            ]  
          }
        }
      }
    },
    {
      "@id": "bioschemas:associatedDisease",
      "@type": "rdf:Property",
      "rdfs:comment": "Disease associated to this BioChemEntity. Such a disease can be a MedicalCondition or a URL. If you want to add an evidence supporting the association, please use PropertyValue.",
      "rdfs:label": "associatedDisease",
      "schema:domainIncludes": {
        "@id": "bioschemas:BioChemEntity"
      },
      "schema:rangeIncludes": [
        {
          "@id": "schema:MedicalCondition"
        },
        {
          "@id": "schema:URL"
        },
        {
          "@id": "schema:PropertyValue"
        }
      ]
    },
    {
      "@id": "bioschemas:bioChemInteraction",
      "@type": "rdf:Property",
      "rdfs:comment": "A BioChemEntity that is know to interact with this item.",
      "rdfs:label": "bioChemInteraction",
      "schema:domainIncludes": {
        "@id": "bioschemas:BioChemEntity"
      },
      "schema:rangeIncludes": [
        {
          "@id": "bioschemas:BioChemEntity"
        }
      ]
    },
    {
      "@id": "bioschemas:bioChemSimilarity",
      "@type": "rdf:Property",
      "rdfs:comment": "A similar molecular entity, e.g., obtained by fingerprint similarity algorithm.",
      "rdfs:label": "bioChemSimilarity",
      "schema:domainIncludes": {
        "@id": "bioschemas:BioChemEntity"
      },
      "schema:rangeIncludes": [
        {
          "@id": "bioschemas:BioChemEntity"
        }
      ]
    },
    {
      "@id": "bioschemas:biogicalRole",
      "@type": "rdf:Property",
      "rdfs:comment": "A role played by the molecular entity within a biological context.",
      "rdfs:label": "biogicalRole",
      "schema:domainIncludes": {
        "@id": "bioschemas:BioChemEntity"
      },
      "schema:rangeIncludes": [
        {
          "@id": "schema:DefinedTerm"
        }
      ]
    },
    {
      "@id": "bioschemas:hasBioChemEntityPart",
      "@type": "rdf:Property",
      "rdfs:comment": "Indicates a BioChemEntity that (in some sense) has this BioChemEntity as a part. Inverse property: isPartOfBioChemEntity",
      "rdfs:label": "hasBioChemEntityPart",
      "schema:domainIncludes": {
        "@id": "bioschemas:BioChemEntity"
      },
      "schema:rangeIncludes": [
        {
          "@id": "bioschemas:BioChemEntity"
        }
      ]
    },
    {
      "@id": "bioschemas:hasMolecularFunction",
      "@type": "rdf:Property",
      "rdfs:comment": "Molecular function performed by this BioChemEntity; please use PropertyValue if you want to include any evidence.",
      "rdfs:label": "hasMolecularFunction",
      "schema:domainIncludes": {
        "@id": "bioschemas:BioChemEntity"
      },
      "schema:rangeIncludes": [
        {
          "@id": "schema:DefinedTerm"
        },
        {
          "@id": "schema:PropertyValue"
        },
        {
          "@id": "schema:URL"
        }
      ]
    },
    {
      "@id": "bioschemas:hasRepresentation",
      "@type": "rdf:Property",
      "rdfs:comment": "A common representation such as a protein sequence or chemical structure for this entity. For images use schema.org/image.",
      "rdfs:label": "hasRepresentation",
      "schema:domainIncludes": {
        "@id": "bioschemas:BioChemEntity"
      },
      "schema:rangeIncludes": [
        {
          "@id": "bioschemas:BioChemEntity"
        }
      ]
    },
    {
      "@id": "bioschemas:isEncodedByBioChemEntity",
      "@type": "rdf:Property",
      "rdfs:comment": "Another BioChemEntity encoding this one. Inverse property: encodesBioChemEntity.",
      "rdfs:label": "isEncodedByBioChemEntity",
      "schema:domainIncludes": {
        "@id": "bioschemas:BioChemEntity"
      },
      "schema:rangeIncludes": [
        {
          "@id": "bioschemas:Gene"
        }
      ]
    },
    {
      "@id": "bioschemas:isInvolvedInBiologicalProcess",
      "@type": "rdf:Property",
      "rdfs:comment": "Biological process this BioChemEntity is involved in; please use PropertyValue if you want to include any evidence.",
      "rdfs:label": "isInvolvedInBiologicalProcess",
      "schema:domainIncludes": {
        "@id": "bioschemas:BioChemEntity"
      },
      "schema:rangeIncludes": [
        {
          "@id": "schema:DefinedTerm"
        },
        {
          "@id": "schema:PropertyValue"
        },
        {
          "@id": "schema:URL"
        }
      ]
    },
    {
      "@id": "bioschemas:isLocatedInSubcellularLocation",
      "@type": "rdf:Property",
      "rdfs:comment": "Subcellular location where this BioChemEntity is located; please use PropertyValue if you want to include any evidence.",
      "rdfs:label": "isLocatedInSubcellularLocation",
      "schema:domainIncludes": {
        "@id": "bioschemas:BioChemEntity"
      },
      "schema:rangeIncludes": [
        {
          "@id": "schema:DefinedTerm"
        },
        {
          "@id": "schema:PropertyValue"
        },
        {
          "@id": "schema:URL"
        }
      ]
    },
    {
      "@id": "bioschemas:isPartOfBioChemEntity",
      "@type": "rdf:Property",
      "rdfs:comment": "Indicates a BioChemEntity that is (in some sense) a part of this BioChemEntity. Inverse property: hasBioChemEntityPart",
      "rdfs:label": "isPartOfBioChemEntity",
      "schema:domainIncludes": {
        "@id": "bioschemas:BioChemEntity"
      },
      "schema:rangeIncludes": [
        {
          "@id": "bioschemas:BioChemEntity"
        }
      ]
    },
    {
      "@id": "bioschemas:taxonomicRange",
      "@type": "rdf:Property",
      "rdfs:comment": "The taxonomic grouping of the organism that expresses, encodes, or in someway related to the BioChemEntity.",
      "rdfs:label": "taxonomicRange",
      "schema:domainIncludes": {
        "@id": "bioschemas:BioChemEntity"
      },
      "schema:rangeIncludes": [
        {
          "@id": "schema:DefinedTerm"
        },
        {
          "@id": "schema:PropertyValue"
        },
        {
          "@id": "schema:URL"
        },
        {
          "@id": "bioschemas:Taxon"
        }
      ]
    },
    {
      "@id": "bioschemas:MolecularEntity",
      "@type": "rdfs:Class",
      "rdfs:comment": "Bioschemas profile describing a MolecularEntity. Any constitutionally or isotopically distinct atom, molecule, ion, ion pair, radical, radical ion, complex, conformer etc., identifiable as a separately distinguishable entity. (Source: ChEBI:23367) based on version 0.5",
      "rdfs:label": "MolecularEntity",
      "rdfs:subClassOf": {
        "@id": "bioschemas:BioChemEntity"
      },
      "$validation": {
        "$schema": "http://json-schema.org/draft-07/schema#",
        "type": "object",
        "properties": {
          "inChI": {
            "description": "Non-proprietary identifier for molecular entity that can be used in printed and electronic data sources thus enabling easier linking of diverse data compilations.",
            "type": "string"
          },
          "inChIKey": {
            "description": "InChIKey is a hashed version of the full InChI (using the SHA-256 algorithm).",
            "type": "string"
          },
          "iupacName": {
            "description": "Systematic method of naming chemical compounds as recommended by the International Union of Pure and Applied Chemistry (IUPAC).",
            "type": "string"
          },
          "molecularFormula": {
            "description": "The empirical formula is the simplest whole number ratio of all the atoms in a molecule.",
            "type": "string"
          },
          "molecularWeight": {
            "description": "This is the molecular weight of the entity being described, not of the parent. Units should be included in the form \u2018 ', for example '12 amu' or as '.",
            "oneOf": [
              {
                "$ref": "#/definitions/quantitativeValue"
              },
              {
                "type": "string"
              }
            ]
          },
          "smiles": {
            "description": "A specification in form of a line notation for describing the structure of chemical species using short ASCII strings. Double bond stereochemistry \\ indicators may need to be escaped in the string in formats where the backslash is an escape character.",
            "oneOf": [
              {
                "type": "string"
              },
              {
                "type": "array",
                "items": {
                  "type": "string"
                }
              }
            ]
          },
          "chemicalRole": {
            "description": "A role played by the BioChemEntity within a chemical context.",
            "oneOf": [
              {
                "$ref": "#/definitions/definedTerm"
              },
              {
                "type": "array",
                "items": {
                  "$ref": "#/definitions/definedTerm"
                }
              }
            ]
          },
          "monoisotopicMolecularWeight": {
            "description": "The monoisotopic mass is the sum of the masses of the atoms in a molecule using the unbound, ground-state, rest mass of the principal (most abundant) isotope for each element instead of the isotopic average mass. Please include the units the form \u2018 ', for example '770.230488 g/mol' or as '.",
            "oneOf": [
              {
                "$ref": "#/definitions/quantitativeValue"
              },
              {
                "type": "string"
              }
            ]
          },
          "potentialUse": {
            "description": "Intended use of the BioChemEntity by humans.",
            "oneOf": [
              {
                "$ref": "#/definitions/definedTerm"
              },
              {
                "type": "array",
                "items": {
                  "$ref": "#/definitions/definedTerm"
                }
              }
            ]
          },
          "associatedDisease": {
            "description": "Disease associated to this BioChemEntity. Such a disease can be a MedicalCondition or a URL. If you want to add an evidence supporting the association, please use PropertyValue.",
            "anyOf": [
              {
                "$ref": "#/definitions/medicalCondition"
              },
              {
                "type": "array",
                "items": {
                  "$ref": "#/definitions/medicalCondition"
                }
              },
              {
                "$ref": "#/definitions/propertyValue"
              },
              {
                "type": "array",
                "items": {
                  "$ref": "#/definitions/propertyValue"
                }
              },
              {
                "type": "string",
                "format": "uri"
              },
              {
                "type": "array",
                "items": {
                  "type": "string",
                  "format": "uri"
                }
              }
            ]
          },
          "bioChemInteraction": {
            "description": "A BioChemEntity that is know to interact with this item.",
            "oneOf": [
              {
                "$ref": "#/definitions/bioChemEntity"
              },
              {
                "type": "array",
                "items": {
                  "$ref": "#/definitions/bioChemEntity"
                }
              }
            ]
          },
          "bioChemSimilarity": {
            "description": "A similar molecular entity, e.g., obtained by fingerprint similarity algorithm.",
            "oneOf": [
              {
                "$ref": "#/definitions/bioChemEntity"
              },
              {
                "type": "array",
                "items": {
                  "$ref": "#/definitions/bioChemEntity"
                }
              }
            ]
          },
          "biogicalRole": {
            "description": "A role played by the molecular entity within a biological context.",
            "oneOf": [
              {
                "$ref": "#/definitions/definedTerm"
              },
              {
                "type": "array",
                "items": {
                  "$ref": "#/definitions/definedTerm"
                }
              }
            ]
          },
          "hasBioChemEntityPart": {
            "description": "Indicates a BioChemEntity that (in some sense) has this BioChemEntity as a part. Inverse property: isPartOfBioChemEntity",
            "oneOf": [
              {
                "$ref": "#/definitions/bioChemEntity"
              },
              {
                "type": "array",
                "items": {
                  "$ref": "#/definitions/bioChemEntity"
                }
              }
            ]
          },
          "hasMolecularFunction": {
            "description": "Molecular function performed by this BioChemEntity; please use PropertyValue if you want to include any evidence.",
            "anyOf": [
              {
                "$ref": "#/definitions/definedTerm"
              },
              {
                "type": "array",
                "items": {
                  "$ref": "#/definitions/definedTerm"
                }
              },
              {
                "$ref": "#/definitions/propertyValue"
              },
              {
                "type": "array",
                "items": {
                  "$ref": "#/definitions/propertyValue"
                }
              },
              {
                "type": "string"
              },
              {
                "type": "array",
                "items": {
                  "type": "string"
                }
              },
              {
                "type": "string",
                "format": "uri"
              },
              {
                "type": "array",
                "items": {
                  "type": "string",
                  "format": "uri"
                }
              }
            ]
          },
          "hasRepresentation": {
            "description": "A common representation such as a protein sequence or chemical structure for this entity. For images use schema.org/image.",
            "anyOf": [
              {
                "$ref": "#/definitions/definedTerm"
              },
              {
                "type": "array",
                "items": {
                  "$ref": "#/definitions/definedTerm"
                }
              },
              {
                "$ref": "#/definitions/propertyValue"
              },
              {
                "type": "array",
                "items": {
                  "$ref": "#/definitions/propertyValue"
                }
              },
              {
                "type": "string"
              },
              {
                "type": "array",
                "items": {
                  "type": "string"
                }
              },
              {
                "type": "string",
                "format": "uri"
              },
              {
                "type": "array",
                "items": {
                  "type": "string",
                  "format": "uri"
                }
              }
            ]
          },
          "isEncodedByBioChemEntity": {
            "description": "Another BioChemEntity encoding this one. Inverse property: encodesBioChemEntity.",
            "oneOf": [
              {
                "$ref": "#/definitions/gene"
              },
              {
                "type": "array",
                "items": {
                  "$ref": "#/definitions/gene"
                }
              }
            ]
          },
          "isInvolvedInBiologicalProcess": {
            "description": "Biological process this BioChemEntity is involved in; please use PropertyValue if you want to include any evidence.",
            "anyOf": [
              {
                "$ref": "#/definitions/definedTerm"
              },
              {
                "type": "array",
                "items": {
                  "$ref": "#/definitions/definedTerm"
                }
              },
              {
                "$ref": "#/definitions/propertyValue"
              },
              {
                "type": "array",
                "items": {
                  "$ref": "#/definitions/propertyValue"
                }
              },
              {
                "type": "string"
              },
              {
                "type": "array",
                "items": {
                  "type": "string"
                }
              },
              {
                "type": "string",
                "format": "uri"
              },
              {
                "type": "array",
                "items": {
                  "type": "string",
                  "format": "uri"
                }
              }
            ]
          },
          "isLocatedInSubcellularLocation": {
            "description": "Subcellular location where this BioChemEntity is located; please use PropertyValue if you want to include any evidence.",
            "anyOf": [
              {
                "$ref": "#/definitions/definedTerm"
              },
              {
                "type": "array",
                "items": {
                  "$ref": "#/definitions/definedTerm"
                }
              },
              {
                "$ref": "#/definitions/propertyValue"
              },
              {
                "type": "array",
                "items": {
                  "$ref": "#/definitions/propertyValue"
                }
              },
              {
                "type": "string"
              },
              {
                "type": "array",
                "items": {
                  "type": "string"
                }
              },
              {
                "type": "string",
                "format": "uri"
              },
              {
                "type": "array",
                "items": {
                  "type": "string",
                  "format": "uri"
                }
              }
            ]
          },
          "isPartOfBioChemEntity": {
            "description": "Indicates a BioChemEntity that is (in some sense) a part of this BioChemEntity. Inverse property: hasBioChemEntityPart",
            "oneOf": [
              {
                "$ref": "#/definitions/bioChemEntity"
              },
              {
                "type": "array",
                "items": {
                  "$ref": "#/definitions/bioChemEntity"
                }
              }
            ]
          },
          "taxonomicRange": {
            "description": "The taxonomic grouping of the organism that expresses, encodes, or in someway related to the BioChemEntity.",
            "anyOf": [
              {
                "$ref": "#/definitions/definedTerm"
              },
              {
                "type": "array",
                "items": {
                  "$ref": "#/definitions/definedTerm"
                }
              },
              {
                "$ref": "#/definitions/taxon"
              },
              {
                "type": "array",
                "items": {
                  "$ref": "#/definitions/taxon"
                }
              },
              {
                "type": "string"
              },
              {
                "type": "array",
                "items": {
                  "type": "string"
                }
              },
              {
                "type": "string",
                "format": "uri"
              },
              {
                "type": "array",
                "items": {
                  "type": "string",
                  "format": "uri"
                }
              }
            ]
          },
          "alternateName": {
            "description": "An alias for the item.",
            "oneOf": [
              {
                "type": "string"
              },
              {
                "type": "array",
                "items": {
                  "type": "string"
                }
              }
            ]
          },
          "description": {
            "description": "A description of the item.",
            "type": "string"
          },
          "disambiguatingDescription": {
            "description": "A sub property of description. A short description of the item used to disambiguate from other, similar items. Information from other properties (in particular, name) may be necessary for the description to be useful for disambiguation.",
            "type": "string"
          },
          "identifier": {
            "description": "The identifier property represents any kind of identifier for any kind of <a class=\"localLink\" href=\"http://schema.org/Thing\">Thing</a>, such as ISBNs, GTIN codes, UUIDs etc. Schema.org provides dedicated properties for representing many of these, either as textual strings or as URL (URI) links. See <a href=\"/docs/datamodel.html#identifierBg\">background notes</a> for more details.",
            "anyOf": [
              {
                "$ref": "#/definitions/definedTerm"
              },
              {
                "$ref": "#/definitions/propertyValue"
              },
              {
                "type": "string"
              },
              {
                "type": "string",
                "format": "uri"
              }
            ]
          },
          "image": {
            "description": "An image of the item. This can be a <a class=\"localLink\" href=\"http://schema.org/URL\">URL</a> or a fully described <a class=\"localLink\" href=\"http://schema.org/ImageObject\">ImageObject</a>.",
            "oneOf": [
              {
                "type": "string",
                "format": "uri"
              },
              {
                "type": "array",
                "items": {
                  "type": "string",
                  "format": "uri"
                }
              }
            ]
          },
          "name": {
            "description": "The name of the item.",
            "type": "string"
          },
          "sameAs": {
            "description": "URL of a reference Web page that unambiguously indicates the item's identity. E.g. the URL of the item's Wikipedia page, Wikidata entry, or official website.",
            "oneOf": [
              {
                "type": "string",
                "format": "uri"
              },
              {
                "type": "array",
                "items": {
                  "type": "string",
                  "format": "uri"
                }
              }
            ]
          },
          "url": {
            "description": "URL of the item.",
            "oneOf": [
              {
                "type": "string",
                "format": "uri"
              },
              {
                "type": "array",
                "items": {
                  "type": "string",
                  "format": "uri"
                }
              }
            ]
          }
        },
        "required": [
          "identifier",
          "name",
          "url"
        ],
        "definitions":{
          "taxon": {
            "@type": "bioschemas:Taxon",
            "type": "object",
            "properties": {
              "name": {
                "type": "string"
              },
              "taxonRank": {
                "anyOf": [
                  {
                    "$ref": "#/definitions/propertyValue"
                  },
                  {
                    "type": "array",
                    "items": {
                      "$ref": "#/definitions/propertyValue"
                    }
                  },
                  {
                    "type": "string"
                  },
                  {
                    "type": "array",
                    "items": {
                      "type": "string"
                    }
                  },
                  {
                    "type": "string",
                    "format": "uri"
                  },
                  {
                    "type": "array",
                    "items": {
                      "type": "string",
                      "format": "uri"
                    }
                  }
                ]
              }
            },
            "required": [
              "name",
              "taxonRank"
            ]   
            },
          "propertyValue": {
            "@type": "PropertyValue",
            "type": "object",
            "properties": {
              "name": {
                "type": "string"
              },
              "value": {
                "type": "string"    
              }
            },
            "required": [
            ]  
          },
          "definedTerm": {
            "@type": "DefinedTerm",
            "type": "object",
            "properties": {
              "url": {
                "type": "string",
                "format": "uri"
              },
              "name": {
                "type": "string"    
              },
              "termCode": {
                "type": "string"
              }
            },
            "required": [
            ]  
          },
          "medicalCondition": {
            "@type": "MedicalCondition",
            "type": "object",
            "properties": {
              "url": {
                "type": "string",
                "format": "uri"
              },
              "name": {
                "type": "string"    
              }
            },
            "required": [
            ]  
          },
          "bioChemEntity" : {
            "@type": "bioschemas:BioChemEntity",
            "type": "object",
            "properties": {
              "url": {
                "type": "string",
                "format": "uri"
              },
              "name": {
                "type": "string"    
              }
            },
            "required": [
            ]  
          },
          "gene" : {
            "@type": "bioschemas:Gene",
            "type": "object",
            "properties": {
              "identifier": {
                "anyOf": [
                  {
                    "$ref": "#/definitions/propertyValue"
                  },
                  {
                    "type": "string"
                  },
                  {
                    "type": "string",
                    "format": "uri"
                  }
                ]
              },
              "name": {
                "type": "string"    
              }
            },
            "required": [
            ]  
          },
          "quantitativeValue": {
            "@type": "QuantitativeValue",
            "type": "object",
            "properties": {
              "value": {
                "type": "string" 
              },
              "unitText": {
                "type": "string"    
              }
            },
            "required": [
            ]  
          }
        }
      }
    },
    {
      "@id": "bioschemas:inChI",
      "@type": "rdf:Property",
      "rdfs:comment": "Non-proprietary identifier for molecular entity that can be used in printed and electronic data sources thus enabling easier linking of diverse data compilations.",
      "rdfs:label": "inChI",
      "schema:domainIncludes": {
        "@id": "bioschemas:MolecularEntity"
      },
      "schema:rangeIncludes": [
        {
          "@id": "schema:Text"
        }
      ]
    },
    {
      "@id": "bioschemas:inChIKey",
      "@type": "rdf:Property",
      "rdfs:comment": "InChIKey is a hashed version of the full InChI (using the SHA-256 algorithm).",
      "rdfs:label": "inChIKey",
      "schema:domainIncludes": {
        "@id": "bioschemas:MolecularEntity"
      },
      "schema:rangeIncludes": [
        {
          "@id": "schema:Text"
        }
      ]
    },
    {
      "@id": "bioschemas:iupacName",
      "@type": "rdf:Property",
      "rdfs:comment": "Systematic method of naming chemical compounds as recommended by the International Union of Pure and Applied Chemistry (IUPAC).",
      "rdfs:label": "iupacName",
      "schema:domainIncludes": {
        "@id": "bioschemas:MolecularEntity"
      },
      "schema:rangeIncludes": [
        {
          "@id": "schema:Text"
        }
      ]
    },
    {
      "@id": "bioschemas:molecularFormula",
      "@type": "rdf:Property",
      "rdfs:comment": "The empirical formula is the simplest whole number ratio of all the atoms in a molecule.",
      "rdfs:label": "molecularFormula",
      "schema:domainIncludes": {
        "@id": "bioschemas:MolecularEntity"
      },
      "schema:rangeIncludes": [
        {
          "@id": "schema:Text"
        }
      ]
    },
    {
      "@id": "bioschemas:molecularWeight",
      "@type": "rdf:Property",
      "rdfs:comment": "This is the molecular weight of the entity being described, not of the parent. Units should be included in the form \u2018 ', for example '12 amu' or as '.",
      "rdfs:label": "molecularWeight",
      "schema:domainIncludes": {
        "@id": "bioschemas:MolecularEntity"
      },
      "schema:rangeIncludes": [
        {
          "@id": "schema:QuantitativeValue"
        }
      ]
    },
    {
      "@id": "bioschemas:smiles",
      "@type": "rdf:Property",
      "rdfs:comment": "A specification in form of a line notation for describing the structure of chemical species using short ASCII strings. Double bond stereochemistry \\ indicators may need to be escaped in the string in formats where the backslash is an escape character.",
      "rdfs:label": "smiles",
      "schema:domainIncludes": {
        "@id": "bioschemas:MolecularEntity"
      },
      "schema:rangeIncludes": [
        {
          "@id": "schema:Text"
        }
      ]
    },
    {
      "@id": "bioschemas:chemicalRole",
      "@type": "rdf:Property",
      "rdfs:comment": "A role played by the BioChemEntity within a chemical context.",
      "rdfs:label": "chemicalRole",
      "schema:domainIncludes": {
        "@id": "bioschemas:MolecularEntity"
      },
      "schema:rangeIncludes": [
        {
          "@id": "schema:DefinedTerm"
        }
      ]
    },
    {
      "@id": "bioschemas:monoisotopicMolecularWeight",
      "@type": "rdf:Property",
      "rdfs:comment": "The monoisotopic mass is the sum of the masses of the atoms in a molecule using the unbound, ground-state, rest mass of the principal (most abundant) isotope for each element instead of the isotopic average mass. Please include the units the form \u2018 ', for example '770.230488 g/mol' or as '.",
      "rdfs:label": "monoisotopicMolecularWeight",
      "schema:domainIncludes": {
        "@id": "bioschemas:MolecularEntity"
      },
      "schema:rangeIncludes": [
        {
          "@id": "schema:Text"
        },
        {
          "@id": "schema:QuantitativeValue"
        }
      ]
    },
    {
      "@id": "bioschemas:potentialUse",
      "@type": "rdf:Property",
      "rdfs:comment": "Intended use of the BioChemEntity by humans.",
      "rdfs:label": "potentialUse",
      "schema:domainIncludes": {
        "@id": "bioschemas:MolecularEntity"
      },
      "schema:rangeIncludes": [
        {
          "@id": "schema:DefinedTerm"
        }
      ]
    },
    {
      "@id": "bioschemas:Gene",
      "@type": "rdfs:Class",
      "rdfs:comment": "Bioschemas profile describing a Gene in Life Sciences. This Gene profile specification presents the markup for describing a Gene and is based on the 1.0 release",
      "rdfs:label": "Gene",
      "rdfs:subClassOf": {
        "@id": "bioschemas:BioChemEntity"
      },
      "$validation": {
        "$schema": "http://json-schema.org/draft-07/schema#",
        "type": "object",
        "properties": {
          "encodesBioChemEntity": {
            "description": "For genes, this property is used to express in a generic way gene products encoded by this gene, for instance RNA or Protein",
            "oneOf": [
              {
                "$ref": "#/definitions/bioChemEntity"
              },
              {
                "type": "array",
                "items": {
                  "$ref": "#/definitions/bioChemEntity"
                }
              }
            ]
          },
          "alternativeOf": {
            "description": "Is variant of. Use this property to express when a gene is a variant of any other gene.",
            "oneOf": [
              {
                "$ref": "#/definitions/gene"
              },
              {
                "type": "array",
                "items": {
                  "$ref": "#/definitions/gene"
                }
              }
            ]
          },
          "expressedIn": {
            "description": "Tissue, organ, biological sample, etc in which activity of this gene has been observed experimentally. For example brain, digestive system.",
            "anyOf": [
              {
                "$ref": "#/definitions/definedTerm"
              },
              {
                "type": "array",
                "items": {
                  "$ref": "#/definitions/definedTerm"
                }
              },
              {
                "$ref": "#/definitions/bioChemEntity"
              },
              {
                "type": "array",
                "items": {
                  "$ref": "#/definitions/bioChemEntity"
                }
              },
              {
                "$ref": "#/definitions/anatomicalPart"
              },
              {
                "type": "array",
                "items": {
                  "$ref": "#/definitions/anatomicalPart"
                }
              }
            ]
          },
          "hasBioPolymerSequence": {
            "description": "Schema:  A symbolic representation of a BioChemEnity. For example, a nucleotide sequence of a Gene or an amino acid sequence of a Protein.",
            "type": "string"
          },
          "hasStatus": {
            "description": "Schema:  One of pseudogene, dead, killed, live, predicted, suppressed.",
            "type": "string",
            "enum": [
              "pseudogene",
              "dead",
              "killed",
              "live",
              "predicted",
              "suppressed"
            ]
          },
          "associatedDisease": {
            "description": "Disease associated to this BioChemEntity. Such a disease can be a MedicalCondition or a URL. If you want to add an evidence supporting the association, please use PropertyValue.",
            "anyOf": [
              {
                "$ref": "#/definitions/medicalCondition"
              },
              {
                "type": "array",
                "items": {
                  "$ref": "#/definitions/medicalCondition"
                }
              },
              {
                "$ref": "#/definitions/propertyValue"
              },
              {
                "type": "array",
                "items": {
                  "$ref": "#/definitions/propertyValue"
                }
              },
              {
                "type": "string",
                "format": "uri"
              },
              {
                "type": "array",
                "items": {
                  "type": "string",
                  "format": "uri"
                }
              }
            ]
          },
          "hasBioChemEntityPart": {
            "description": "Indicates a BioChemEntity that (in some sense) has this BioChemEntity as a part. Inverse property: isPartOfBioChemEntity",
            "oneOf": [
              {
                "$ref": "#/definitions/bioChemEntity"
              },
              {
                "type": "array",
                "items": {
                  "$ref": "#/definitions/bioChemEntity"
                }
              }
            ]
          },
          "hasMolecularFunction": {
            "description": "Molecular function performed by this BioChemEntity; please use PropertyValue if you want to include any evidence.",
            "oneOf": [
              {
                "$ref": "#/definitions/molecularFunctions"
              },
              {
                "type": "array",
                "items": {
                  "$ref": "#/definitions/molecularFunctions"
                }
              }
            ]
          },
          "hasRepresentation": {
            "description": "A common representation such as a protein sequence or chemical structure for this entity. For images use schema.org/image.",
            "anyOf": [
              {
                "$ref": "#/definitions/propertyValue"
              },
              {
                "type": "array",
                "items": {
                  "$ref": "#/definitions/propertyValue"
                }
              },
              {
                "type": "string"
              },
              {
                "type": "array",
                "items": {
                  "type": "string"
                }
              },
              {
                "type": "string",
                "format": "uri"
              },
              {
                "type": "array",
                "items": {
                  "type": "string",
                  "format": "uri"
                }
              }
            ]
          },
          "isInvolvedInBiologicalProcess": {
            "description": "Biological process this BioChemEntity is involved in; please use PropertyValue if you want to include any evidence.",
            "oneOf": [
              {
                "$ref": "#/definitions/biologicalProcesses"
              },
              {
                "type": "array",
                "items": {
                  "$ref": "#/definitions/biologicalProcesses"
                }
              }
            ]
          },
          "isLocatedInSubcellularLocation": {
            "description": "Subcellular location where this BioChemEntity is located; please use PropertyValue if you want to include any evidence.",
            "oneOf": [
              {
                "$ref": "#/definitions/subcellularLocations"
              },
              {
                "type": "array",
                "items": {
                  "$ref": "#/definitions/subcellularLocations"
                }
              }
            ]
          },
          "isPartOfBioChemEntity": {
            "description": "Indicates a BioChemEntity that is (in some sense) a part of this BioChemEntity. Inverse property: hasBioChemEntityPart. For genes, it is recommended to at least specify the DNA/chromosome containing this gene.",
            "oneOf": [
              {
                "$ref": "#/definitions/bioChemEntity"
              },
              {
                "type": "array",
                "items": {
                  "$ref": "#/definitions/bioChemEntity"
                }
              }
            ]
          },
          "taxonomicRange": {
            "description": "The taxonomic grouping of the organism that expresses, encodes, or in someway related to the BioChemEntity.",
            "anyOf": [
              {
                "$ref": "#/definitions/definedTerm"
              },
              {
                "type": "array",
                "items": {
                  "$ref": "#/definitions/definedTerm"
                }
              },
              {
                "$ref": "#/definitions/taxon"
              },
              {
                "type": "array",
                "items": {
                  "$ref": "#/definitions/taxon"
                }
              },
              {
                "type": "string"
              },
              {
                "type": "array",
                "items": {
                  "type": "string"
                }
              },
              {
                "type": "string",
                "format": "uri"
              },
              {
                "type": "array",
                "items": {
                  "type": "string",
                  "format": "uri"
                }
              }
            ]
          },
          "alternateName": {
            "description": "An alias for the item.",
            "oneOf": [
              {
                "type": "string"
              },
              {
                "type": "array",
                "items": {
                  "type": "string"
                }
              }
            ]
          },
          "description": {
            "description": "A description of the item.",
            "type": "string"
          },
          "identifier": {
            "description": "The identifier property represents any kind of identifier for any kind of <a class=\"localLink\" href=\"http://schema.org/Thing\">Thing</a>, such as ISBNs, GTIN codes, UUIDs etc. Schema.org provides dedicated properties for representing many of these, either as textual strings or as URL (URI) links. See <a href=\"/docs/datamodel.html#identifierBg\">background notes</a> for more details.",
            "oneOf": [
              {
                "$ref": "#/definitions/propertyValue"
              },
              {
                "type": "string"
              },
              {
                "type": "string",
                "format": "uri"
              }
            ]
          },
          "image": {
            "description": "An image of the item. This can be a <a class=\"localLink\" href=\"http://schema.org/URL\">URL</a> or a fully described <a class=\"localLink\" href=\"http://schema.org/ImageObject\">ImageObject</a>.",
            "type": "string",
            "format": "uri"
          },
          "mainEntityOfPage": {
            "description": "Indicates a page (or other CreativeWork) for which this thing is the main entity being described. See <a href=\"/docs/datamodel.html#mainEntityBackground\">background notes</a> for details.",
            "type": "string",
            "format": "uri"
          },
          "name": {
            "description": "The name of the item.",
            "type": "string"
          },
          "sameAs": {
            "description": "URL of a reference Web page that unambiguously indicates the item's identity. E.g. the URL of the item's Wikipedia page, Wikidata entry, or official website.",
            "type": "string",
            "format": "uri"
          },
          "url": {
            "description": "URL of the item.",
            "type": "string",
            "format": "uri"
          }
        },
        "required": [
          "identifier",
          "name"
        ],
        "definitions":{
          "taxon": {
            "@type": "bioschemas:Taxon",
            "type": "object",
            "properties": {
              "name": {
                "type": "string"
              },
              "taxonRank": {
                "anyOf": [
                  {
                    "$ref": "#/definitions/propertyValue"
                  },
                  {
                    "type": "array",
                    "items": {
                      "$ref": "#/definitions/propertyValue"
                    }
                  },
                  {
                    "type": "string"
                  },
                  {
                    "type": "array",
                    "items": {
                      "type": "string"
                    }
                  },
                  {
                    "type": "string",
                    "format": "uri"
                  },
                  {
                    "type": "array",
                    "items": {
                      "type": "string",
                      "format": "uri"
                    }
                  }
                ]
              }
            },
            "required": [
              "name",
              "taxonRank"
            ]   
            },
          "propertyValue": {
            "@type": "PropertyValue",
            "type": "object",
            "properties": {
              "name": {
                "type": "string"
              },
              "value": {
                "type": "string"    
              }
            },
            "required": [
            ]  
          },
          "definedTerm": {
            "@type": "DefinedTerm",
            "type": "object",
            "properties": {
              "url": {
                "type": "string",
                "format": "uri"
              },
              "name": {
                "type": "string"    
              },
              "termCode": {
                "type": "string"
              }
            },
            "required": [
            ]  
          },
          "medicalCondition": {
            "@type": "MedicalCondition",
            "type": "object",
            "properties": {
              "url": {
                "type": "string",
                "format": "uri"
              },
              "name": {
                "type": "string"    
              }
            },
            "required": [
            ]  
          },
          "bioChemEntity" : {
            "@type": "bioschemas:BioChemEntity",
            "type": "object",
            "properties": {
              "url": {
                "type": "string",
                "format": "uri"
              },
              "name": {
                "type": "string"    
              }
            },
            "required": [
            ]  
          },
          "gene" : {
            "@type": "bioschemas:Gene",
            "type": "object",
            "properties": {
              "identifier": {
                "anyOf": [
                  {
                    "$ref": "#/definitions/propertyValue"
                  },
                  {
                    "type": "string"
                  },
                  {
                    "type": "string",
                    "format": "uri"
                  }
                ]
              },
              "name": {
                "type": "string"    
              }
            },
            "required": [
            ]  
          },
          "quantitativeValue": {
            "@type": "QuantitativeValue",
            "type": "object",
            "properties": {
              "value": {
                "type": "string" 
              },
              "unitText": {
                "type": "string"    
              }
            },
            "required": [
            ]  
          },
          "anatomicalPart": {
            "anyOf": [
              {
                "@type": "AnatomicalStructure",
                "type": "object",
                "properties": {
                  "name": {
                "type": "string" 
              }
                },
                "required": [
                ]  
              },
              {
                "@type": "AnatomicalSystem",
                "type": "object",
                "properties": {
                  "name": {
                "type": "string" 
              }
                },
                "required": [
                ]  
              }
            ]
      },
          "molecularFunctions": {
            "@type": "DefinedTerm",
            "type": "string",
            "vocabulary": {
              "ontology": [
                "goMolecularFunction"
              ],
              "children_of": [
                "http://purl.obolibrary.org/obo/GO_0003674"
              ]
            },
            "strict": false
          },
          "biologicalProcesses": {
            "@type": "DefinedTerm",
            "type": "string",
            "vocabulary": {
              "ontology": [
                "goBiologicalProcess"
              ],
              "children_of": [
                "http://purl.obolibrary.org/obo/GO_0008150"
              ]
            },
            "strict": false
          },
          "subcellularLocations": {
            "@type": "DefinedTerm",
            "type": "string",
            "vocabulary": {
              "ontology": [
                "goSubcellularLocation"
              ],
              "children_of": [
                "http://purl.obolibrary.org/obo/GO_0005575"
              ]
            },
            "strict": false
          }
        }
      }
    },
    {
      "@id": "bioschemas:encodesBioChemEntity",
      "@type": "rdf:Property",
      "rdfs:comment": "Schema:  This property is used to link to gene products encoded (even indirectly) from this gene such as RNA or proteins.  Bioschemas:  For genes, this property is used to express in a generic way gene products encoded by this gene, for instance RNA or Protein",
      "rdfs:label": "encodesBioChemEntity",
      "schema:domainIncludes": {
        "@id": "bioschemas:Gene"
      },
      "schema:rangeIncludes": [
        {
          "@id": "bioschemas:BioChemEntity"
        }
      ]
    },
    {
      "@id": "bioschemas:alternativeOf",
      "@type": "rdf:Property",
      "rdfs:comment": "Bioschemas:  Is variant of. Use this property to express when a gene is a variant of any other gene.",
      "rdfs:label": "alternativeOf",
      "schema:domainIncludes": {
        "@id": "bioschemas:Gene"
      },
      "schema:rangeIncludes": [
        {
          "@id": "bioschemas:Gene"
        }
      ]
    },
    {
      "@id": "bioschemas:expressedIn",
      "@type": "rdf:Property",
      "rdfs:comment": "Schema:  Tissue, organ, biological sample, etc in which activity of this gene has been observed experimentally. For example brain, digestive system.",
      "rdfs:label": "expressedIn",
      "schema:domainIncludes": {
        "@id": "bioschemas:Gene"
      },
      "schema:rangeIncludes": [
        {
          "@id": "schema:AnatomicalStructure"
        },
        {
          "@id": "schema:AnatomicalSystem"
        },
        {
          "@id": "bioschemas:BiochemEntity"
        },
        {
          "@id": "schema:DefinedTerm"
        }
      ]
    },
    {
      "@id": "bioschemas:hasBioPolymerSequence",
      "@type": "rdf:Property",
      "rdfs:comment": "Schema:  A symbolic representation of a BioChemEnity. For example, a nucleotide sequence of a Gene or an amino acid sequence of a Protein.",
      "rdfs:label": "hasBioPolymerSequence",
      "schema:domainIncludes": {
        "@id": "bioschemas:Gene"
      },
      "schema:rangeIncludes": [
        {
          "@id": "schema:Text"
        }
      ]
    },
    {
      "@id": "bioschemas:hasStatus",
      "@type": "rdf:Property",
      "rdfs:comment": "Schema:  One of pseudogene, dead, killed, live, predicted, suppressed.",
      "rdfs:label": "hasStatus",
      "schema:domainIncludes": {
        "@id": "bioschemas:Gene"
      },
      "schema:rangeIncludes": [
        {
          "@id": "schema:Text"
        }
      ]
    },
    {
      "@id": "bioschemastemp:Dna",
      "@type": "rdfs:Class",
      "rdfs:comment": "Bioschemas DNA draft version 0.2",
      "rdfs:label": "Dna",
      "rdfs:subClassOf": {
        "@id": "bioschemas:BioChemEntity"
      },
      "$validation": {
        "$schema": "http://json-schema.org/draft-07/schema#",
        "type": "object",
        "properties": {
          "encodesBioChemEntity": {
            "description": "Another BioChemEntity encoded by this one. Inverse property: isEncodedByBioChemEntity.",
            "oneOf": [
              {
                "$ref": "#/definitions/bioChemEntity"
              },
              {
                "type": "array",
                "items": {
                  "$ref": "#/definitions/bioChemEntity"
                }
              }
            ]
          },
          "hasSequence": {
            "description": "Nucleotide or amino acid sequence.",
            "type": "string"
          }
        },
        "required": []
      }
    },
    {
      "@id": "bioschemastemp:encodesBioChemEntity",
      "@type": "rdf:Property",
      "rdfs:comment": "Another BioChemEntity encoded by this one. Inverse property: isEncodedByBioChemEntity.",
      "rdfs:label": "encodesBioChemEntity",
      "schema:domainIncludes": [
        {
          "@id": "bioschemas:Dna"
        },
        {
          "@id": "bioschemas:Rna"
        }
      ],
      "schema:rangeIncludes": [
        {
          "@id": "bioschemas:BioChemEntity"
        }
      ]
    },
    {
      "@id": "bioschemas:hasSequence",
      "@type": "rdf:Property",
      "rdfs:comment": "Nucleotide or amino acid sequence.",
      "rdfs:label": "hasSequence",
      "schema:domainIncludes": [
        {
          "@id": "bioschemas:Dna"
        },
        {
          "@id": "bioschemas:Rna"
        }
      ],
      "schema:rangeIncludes": [
        {
          "@id": "schema:Text"
        }
      ]
    },
    {
      "@id": "bioschemas:Rna",
      "@type": "rdfs:Class",
      "rdfs:comment": "Bioschemas RNA draft version 0.2",
      "rdfs:label": "Rna",
      "rdfs:subClassOf": {
        "@id": "bioschemas:BioChemEntity"
      },
      "$validation": {
        "$schema": "http://json-schema.org/draft-07/schema#",
        "type": "object",
        "properties": {
          "encodesBioChemEntity": {
            "description": "Another BioChemEntity encoded by this one. Inverse property: isEncodedByBioChemEntity.",
            "oneOf": [
              {
                "$ref": "#/definitions/bioChemEntity"
              },
              {
                "type": "array",
                "items": {
                  "$ref": "#/definitions/bioChemEntity"
                }
              }
            ]
          },
          "hasSequence": {
            "description": "Nucleotide or amino acid sequence.",
            "type": "string"
          }
        },
        "required": []
      }
    }
  ]
}
