{
  "@context": {
    "schema": "http://schema.org/",
    "rdf": "http://www.w3.org/1999/02/22-rdf-syntax-ns#",
    "rdfs": "http://www.w3.org/2000/01/rdf-schema#",
    "bioschemas": "http://discovery.biothings.io/view/bioschemas/"
  },
  "@graph": [
    {
      "@id": "bioschemas:Gene",
      "@type": "rdfs:Class",
      "rdfs:comment": "This Gene profile specification presents the markup for describing a Gene and is based on the 1.0 release",
      "rdfs:label": "Gene",
      "rdfs:subClassOf": {
        "@id": "bioschemas:BioChemEntity"
      },
      "$validation": {
        "$schema": "http://json-schema.org/draft-07/schema#",
        "type": "object",
        "properties": {
          "encodesBioChemEntity": {
            "description": "For genes, this property is used to express in a generic way gene products encoded by this gene, for instance RNA or Protein",
            "oneOf": [
              {
                "$ref": "#/definitions/bioChemEntity"
              },
              {
                "type": "array",
                "items": {
                  "$ref": "#/definitions/bioChemEntity"
                }
              }
            ]
          },
          "alternativeOf": {
            "description": "Is variant of. Use this property to express when a gene is a variant of any other gene.",
            "oneOf": [
              {
                "$ref": "#/definitions/gene"
              },
              {
                "type": "array",
                "items": {
                  "$ref": "#/definitions/gene"
                }
              }
            ]
          },
          "expressedIn": {
            "description": "Tissue, organ, biological sample, etc in which activity of this gene has been observed experimentally. For example brain, digestive system.",
            "anyOf": [
              {
                "$ref": "#/definitions/definedTerm"
              },
              {
                "type": "array",
                "items": {
                  "$ref": "#/definitions/definedTerm"
                }
              },
              {
                "$ref": "#/definitions/bioChemEntity"
              },
              {
                "type": "array",
                "items": {
                  "$ref": "#/definitions/bioChemEntity"
                }
              },
              {
                "$ref": "#/definitions/anatomicalPart"
              },
              {
                "type": "array",
                "items": {
                  "$ref": "#/definitions/anatomicalPart"
                }
              }
            ]
          },
          "hasBioPolymerSequence": {
            "description": "Schema:  A symbolic representation of a BioChemEnity. For example, a nucleotide sequence of a Gene or an amino acid sequence of a Protein.",
            "type": "string"
          },
          "hasStatus": {
            "description": "Schema:  One of pseudogene, dead, killed, live, predicted, suppressed.",
            "type": "string",
            "enum": [
              "pseudogene",
              "dead",
              "killed",
              "live",
              "predicted",
              "suppressed"
            ]
          },
          "associatedDisease": {
            "description": "Disease associated to this BioChemEntity. Such a disease can be a MedicalCondition or a URL. If you want to add an evidence supporting the association, please use PropertyValue.",
            "anyOf": [
              {
                "$ref": "#/definitions/medicalCondition"
              },
              {
                "type": "array",
                "items": {
                  "$ref": "#/definitions/medicalCondition"
                }
              },
              {
                "$ref": "#/definitions/propertyValue"
              },
              {
                "type": "array",
                "items": {
                  "$ref": "#/definitions/propertyValue"
                }
              },
              {
                "type": "string",
                "format": "uri"
              },
              {
                "type": "array",
                "items": {
                  "type": "string",
                  "format": "uri"
                }
              }
            ]
          },
          "hasBioChemEntityPart": {
            "description": "Indicates a BioChemEntity that (in some sense) has this BioChemEntity as a part. Inverse property: isPartOfBioChemEntity",
            "oneOf": [
              {
                "$ref": "#/definitions/bioChemEntity"
              },
              {
                "type": "array",
                "items": {
                  "$ref": "#/definitions/bioChemEntity"
                }
              }
            ]
          },
          "hasMolecularFunction": {
            "description": "Molecular function performed by this BioChemEntity; please use PropertyValue if you want to include any evidence.",
            "oneOf": [
              {
                "$ref": "#/definitions/molecularFunctions"
              },
              {
                "type": "array",
                "items": {
                  "$ref": "#/definitions/molecularFunctions"
                }
              }
            ]
          },
          "hasRepresentation": {
            "description": "A common representation such as a protein sequence or chemical structure for this entity. For images use schema.org/image.",
            "anyOf": [
              {
                "$ref": "#/definitions/propertyValue"
              },
              {
                "type": "array",
                "items": {
                  "$ref": "#/definitions/propertyValue"
                }
              },
              {
                "type": "string"
              },
              {
                "type": "array",
                "items": {
                  "type": "string"
                }
              },
              {
                "type": "string",
                "format": "uri"
              },
              {
                "type": "array",
                "items": {
                  "type": "string",
                  "format": "uri"
                }
              }
            ]
          },
          "isInvolvedInBiologicalProcess": {
            "description": "Biological process this BioChemEntity is involved in; please use PropertyValue if you want to include any evidence.",
            "oneOf": [
              {
                "$ref": "#/definitions/biologicalProcesses"
              },
              {
                "type": "array",
                "items": {
                  "$ref": "#/definitions/biologicalProcesses"
                }
              }
            ]
          },
          "isLocatedInSubcellularLocation": {
            "description": "Subcellular location where this BioChemEntity is located; please use PropertyValue if you want to include any evidence.",
            "oneOf": [
              {
                "$ref": "#/definitions/subcellularLocations"
              },
              {
                "type": "array",
                "items": {
                  "$ref": "#/definitions/subcellularLocations"
                }
              }
            ]
          },
          "isPartOfBioChemEntity": {
            "description": "Indicates a BioChemEntity that is (in some sense) a part of this BioChemEntity. Inverse property: hasBioChemEntityPart. For genes, it is recommended to at least specify the DNA/chromosome containing this gene.",
            "oneOf": [
              {
                "$ref": "#/definitions/bioChemEntity"
              },
              {
                "type": "array",
                "items": {
                  "$ref": "#/definitions/bioChemEntity"
                }
              }
            ]
          },
          "taxonomicRange": {
            "description": "The taxonomic grouping of the organism that expresses, encodes, or in someway related to the BioChemEntity.",
            "anyOf": [
              {
                "$ref": "#/definitions/definedTerm"
              },
              {
                "type": "array",
                "items": {
                  "$ref": "#/definitions/definedTerm"
                }
              },
              {
                "$ref": "#/definitions/taxon"
              },
              {
                "type": "array",
                "items": {
                  "$ref": "#/definitions/taxon"
                }
              },
              {
                "type": "string"
              },
              {
                "type": "array",
                "items": {
                  "type": "string"
                }
              },
              {
                "type": "string",
                "format": "uri"
              },
              {
                "type": "array",
                "items": {
                  "type": "string",
                  "format": "uri"
                }
              }
            ]
          },
          "alternateName": {
            "description": "An alias for the item.",
            "oneOf": [
              {
                "type": "string"
              },
              {
                "type": "array",
                "items": {
                  "type": "string"
                }
              }
            ]
          },
          "description": {
            "description": "A description of the item.",
            "type": "string"
          },
          "identifier": {
            "description": "The identifier property represents any kind of identifier for any kind of <a class=\"localLink\" href=\"http://schema.org/Thing\">Thing</a>, such as ISBNs, GTIN codes, UUIDs etc. Schema.org provides dedicated properties for representing many of these, either as textual strings or as URL (URI) links. See <a href=\"/docs/datamodel.html#identifierBg\">background notes</a> for more details.",
            "oneOf": [
              {
                "$ref": "#/definitions/propertyValue"
              },
              {
                "type": "string"
              },
              {
                "type": "string",
                "format": "uri"
              }
            ]
          },
          "image": {
            "description": "An image of the item. This can be a <a class=\"localLink\" href=\"http://schema.org/URL\">URL</a> or a fully described <a class=\"localLink\" href=\"http://schema.org/ImageObject\">ImageObject</a>.",
            "type": "string",
            "format": "uri"
          },
          "mainEntityOfPage": {
            "description": "Indicates a page (or other CreativeWork) for which this thing is the main entity being described. See <a href=\"/docs/datamodel.html#mainEntityBackground\">background notes</a> for details.",
            "type": "string",
            "format": "uri"
          },
          "name": {
            "description": "The name of the item.",
            "type": "string"
          },
          "sameAs": {
            "description": "URL of a reference Web page that unambiguously indicates the item's identity. E.g. the URL of the item's Wikipedia page, Wikidata entry, or official website.",
            "type": "string",
            "format": "uri"
          },
          "url": {
            "description": "URL of the item.",
            "type": "string",
            "format": "uri"
          }
        },
        "required": [
          "identifier",
          "name"
        ],
        "definitions":{
          "taxon": {
            "@type": "bioschemas:Taxon",
            "type": "object",
            "properties": {
              "name": {
                "type": "string"
              },
              "taxonRank": {
                "anyOf": [
                  {
                    "$ref": "#/definitions/propertyValue"
                  },
                  {
                    "type": "array",
                    "items": {
                      "$ref": "#/definitions/propertyValue"
                    }
                  },
                  {
                    "type": "string"
                  },
                  {
                    "type": "array",
                    "items": {
                      "type": "string"
                    }
                  },
                  {
                    "type": "string",
                    "format": "uri"
                  },
                  {
                    "type": "array",
                    "items": {
                      "type": "string",
                      "format": "uri"
                    }
                  }
                ]
              }
            },
            "required": [
              "name",
              "taxonRank"
            ]   
            },
          "propertyValue": {
            "@type": "PropertyValue",
            "type": "object",
            "properties": {
              "name": {
                "type": "string"
              },
              "value": {
                "type": "string"    
              }
            },
            "required": [
            ]  
          },
          "definedTerm": {
            "@type": "DefinedTerm",
            "type": "object",
            "properties": {
              "url": {
                "type": "string",
                "format": "uri"
              },
              "name": {
                "type": "string"    
              },
              "termCode": {
                "type": "string"
              }
            },
            "required": [
            ]  
          },
          "medicalCondition": {
            "@type": "MedicalCondition",
            "type": "object",
            "properties": {
              "url": {
                "type": "string",
                "format": "uri"
              },
              "name": {
                "type": "string"    
              }
            },
            "required": [
            ]  
          },
          "bioChemEntity" : {
            "@type": "bioschemas:BioChemEntity",
            "type": "object",
            "properties": {
              "url": {
                "type": "string",
                "format": "uri"
              },
              "name": {
                "type": "string"    
              }
            },
            "required": [
            ]  
          },
          "gene" : {
            "@type": "bioschemas:Gene",
            "type": "object",
            "properties": {
              "identifier": {
                "anyOf": [
                  {
                    "$ref": "#/definitions/propertyValue"
                  },
                  {
                    "type": "string"
                  },
                  {
                    "type": "string",
                    "format": "uri"
                  }
                ]
              },
              "name": {
                "type": "string"    
              }
            },
            "required": [
            ]  
          },
          "quantitativeValue": {
            "@type": "QuantitativeValue",
            "type": "object",
            "properties": {
              "value": {
                "type": "string" 
              },
              "unitText": {
                "type": "string"    
              }
            },
            "required": [
            ]  
          },
          "anatomicalPart": {
            "anyOf": [
              {
                "@type": "AnatomicalStructure",
                "type": "object",
                "properties": {
                  "name": {
                "type": "string" 
              }
                },
                "required": [
                ]  
              },
              {
                "@type": "AnatomicalSystem",
                "type": "object",
                "properties": {
                  "name": {
                "type": "string" 
              }
                },
                "required": [
                ]  
              }
            ]
      },
          "molecularFunctions": {
            "@type": "DefinedTerm",
            "type": "string",
            "vocabulary": {
              "ontology": [
                "goMolecularFunction"
              ],
              "children_of": [
                "http://purl.obolibrary.org/obo/GO_0003674"
              ]
            },
            "strict": false
          },
          "biologicalProcesses": {
            "@type": "DefinedTerm",
            "type": "string",
            "vocabulary": {
              "ontology": [
                "goBiologicalProcess"
              ],
              "children_of": [
                "http://purl.obolibrary.org/obo/GO_0008150"
              ]
            },
            "strict": false
          },
          "subcellularLocations": {
            "@type": "DefinedTerm",
            "type": "string",
            "vocabulary": {
              "ontology": [
                "goSubcellularLocation"
              ],
              "children_of": [
                "http://purl.obolibrary.org/obo/GO_0005575"
              ]
            },
            "strict": false
          }
        }
      }
    },
    {
      "@id": "bioschemas:encodesBioChemEntity",
      "@type": "rdf:Property",
      "rdfs:comment": "Schema:  This property is used to link to gene products encoded (even indirectly) from this gene such as RNA or proteins.  Bioschemas:  For genes, this property is used to express in a generic way gene products encoded by this gene, for instance RNA or Protein",
      "rdfs:label": "encodesBioChemEntity",
      "schema:domainIncludes": {
        "@id": "bioschemas:Gene"
      },
      "schema:rangeIncludes": [
        {
          "@id": "bioschemas:BioChemEntity"
        }
      ]
    },
    {
      "@id": "bioschemas:alternativeOf",
      "@type": "rdf:Property",
      "rdfs:comment": "Bioschemas:  Is variant of. Use this property to express when a gene is a variant of any other gene.",
      "rdfs:label": "alternativeOf",
      "schema:domainIncludes": {
        "@id": "bioschemas:Gene"
      },
      "schema:rangeIncludes": [
        {
          "@id": "bioschemas:Gene"
        }
      ]
    },
    {
      "@id": "bioschemas:expressedIn",
      "@type": "rdf:Property",
      "rdfs:comment": "Schema:  Tissue, organ, biological sample, etc in which activity of this gene has been observed experimentally. For example brain, digestive system.",
      "rdfs:label": "expressedIn",
      "schema:domainIncludes": {
        "@id": "bioschemas:Gene"
      },
      "schema:rangeIncludes": [
        {
          "@id": "schema:AnatomicalStructure"
        },
        {
          "@id": "schema:AnatomicalSystem"
        },
        {
          "@id": "bioschemas:BiochemEntity"
        },
        {
          "@id": "schema:DefinedTerm"
        }
      ]
    },
    {
      "@id": "bioschemas:hasBioPolymerSequence",
      "@type": "rdf:Property",
      "rdfs:comment": "Schema:  A symbolic representation of a BioChemEnity. For example, a nucleotide sequence of a Gene or an amino acid sequence of a Protein.",
      "rdfs:label": "hasBioPolymerSequence",
      "schema:domainIncludes": {
        "@id": "bioschemas:Gene"
      },
      "schema:rangeIncludes": [
        {
          "@id": "schema:Text"
        }
      ]
    },
    {
      "@id": "bioschemas:hasStatus",
      "@type": "rdf:Property",
      "rdfs:comment": "Schema:  One of pseudogene, dead, killed, live, predicted, suppressed.",
      "rdfs:label": "hasStatus",
      "schema:domainIncludes": {
        "@id": "bioschemas:Gene"
      },
      "schema:rangeIncludes": [
        {
          "@id": "schema:Text"
        }
      ]
    }
  ]
}