{
  "@context": {
    "schema": "http://schema.org/",
    "rdf": "http://www.w3.org/1999/02/22-rdf-syntax-ns#",
    "rdfs": "http://www.w3.org/2000/01/rdf-schema#",
    "bioschematemp": "http://discovery.biothings.io/view/bioschematemp/"
  },
  "@graph": [
    {
      "@id": "bioschematemp:Protein",
      "@type": "rdfs:Class",
      "rdfs:comment": "Bioschemas profile describing a Protein in Life Sciences. This Protein profile specification presents the most common properties used for a Protein and is based on Version 0.11",
      "rdfs:label": "Protein",
      "rdfs:subClassOf": {
        "@id": "bioschemas:BioChemEntity"
      },
      "$validation": {
        "$schema": "http://json-schema.org/draft-07/schema#",
        "type": "object",
        "properties": {
          "hasBioPolymerSequence": {
            "description": "A symbolic representation of a BioChemEnity. For example, a nucleotide sequence of a Gene or an amino acid sequence of a Protein.",
            "oneOf": [
              {
                "type": "string"
              },
              {
                "type": "array",
                "items": {
                  "type": "string"
                }
              }
            ]
          },
          "associatedDisease": {
            "description": "Disease associated to this BioChemEntity. Such a disease can be a MedicalCondition or a URL. If you want to add an evidence supporting the association, please use PropertyValue.",
            "anyOf": [
              {
                "$ref": "#/definitions/medicalCondition"
              },
              {
                "type": "array",
                "items": {
                  "$ref": "#/definitions/medicalCondition"
                }
              },
              {
                "$ref": "#/definitions/propertyValue"
              },
              {
                "type": "array",
                "items": {
                  "$ref": "#/definitions/propertyValue"
                }
              },
              {
                "type": "string",
                "format": "uri"
              },
              {
                "type": "array",
                "items": {
                  "type": "string",
                  "format": "uri"
                }
              }
            ]
          },
          "bioChemInteraction": {
            "description": "A BioChemEntity that is know to interact with this item.",
            "oneOf": [
              {
                "$ref": "#/definitions/bioChemEntity"
              },
              {
                "type": "array",
                "items": {
                  "$ref": "#/definitions/bioChemEntity"
                }
              }
            ]
          },
          "bioChemSimilarity": {
            "description": "A similar molecular entity, e.g., obtained by fingerprint similarity algorithm.",
            "oneOf": [
              {
                "$ref": "#/definitions/bioChemEntity"
              },
              {
                "type": "array",
                "items": {
                  "$ref": "#/definitions/bioChemEntity"
                }
              }
            ]
          },
          "hasBioChemEntityPart": {
            "description": "Indicates a BioChemEntity that (in some sense) has this BioChemEntity as a part. Inverse property: isPartOfBioChemEntity",
            "anyOf": [
              {
                "$ref": "#/definitions/bioChemEntity"
              },
              {
                "type": "array",
                "items": {
                  "$ref": "#/definitions/bioChemEntity"
                }
              },
              {
                "type": "string",
                "format": "uri"
              },
              {
                "type": "array",
                "items": {
                  "type": "string",
                  "format": "uri"
                }
              }
            ]
          },
          "hasMolecularFunction": {
            "description": "Molecular function performed by this BioChemEntity; please use PropertyValue if you want to include any evidence.",
            "anyOf": [
              {
                "$ref": "#/definitions/definedTerm"
              },
              {
                "type": "array",
                "items": {
                  "$ref": "#/definitions/definedTerm"
                }
              },
              {
                "$ref": "#/definitions/propertyValue"
              },
              {
                "type": "array",
                "items": {
                  "$ref": "#/definitions/propertyValue"
                }
              },
              {
                "type": "string"
              },
              {
                "type": "array",
                "items": {
                  "type": "string"
                }
              },
              {
                "type": "string",
                "format": "uri"
              },
              {
                "type": "array",
                "items": {
                  "type": "string",
                  "format": "uri"
                }
              }
            ]
          },
          "hasRepresentation": {
            "description": "A common representation such as a protein sequence or chemical structure for this entity. For images use schema.org/image.",
            "anyOf": [
              {
                "$ref": "#/definitions/definedTerm"
              },
              {
                "type": "array",
                "items": {
                  "$ref": "#/definitions/definedTerm"
                }
              },
              {
                "$ref": "#/definitions/propertyValue"
              },
              {
                "type": "array",
                "items": {
                  "$ref": "#/definitions/propertyValue"
                }
              },
              {
                "type": "string"
              },
              {
                "type": "array",
                "items": {
                  "type": "string"
                }
              },
              {
                "type": "string",
                "format": "uri"
              },
              {
                "type": "array",
                "items": {
                  "type": "string",
                  "format": "uri"
                }
              }
            ]
          },
          "isEncodedByBioChemEntity": {
            "description": "Another BioChemEntity encoding this one. Inverse property: encodesBioChemEntity.",
            "anyOf": [
              {
                "$ref": "#/definitions/gene"
              },
              {
                "type": "array",
                "items": {
                  "$ref": "#/definitions/gene"
                }
              },
              {
                "$ref": "#/definitions/dna"
              },
              {
                "type": "array",
                "items": {
                  "$ref": "#/definitions/dna"
                }
              },
              {
                "$ref": "#/definitions/rna"
              },
              {
                "type": "array",
                "items": {
                  "$ref": "#/definitions/rna"
                }
              }
            ]
          },
          "isInvolvedInBiologicalProcess": {
            "description": "Biological process this BioChemEntity is involved in; please use PropertyValue if you want to include any evidence.",
            "anyOf": [
              {
                "$ref": "#/definitions/definedTerm"
              },
              {
                "type": "array",
                "items": {
                  "$ref": "#/definitions/definedTerm"
                }
              },
              {
                "$ref": "#/definitions/propertyValue"
              },
              {
                "type": "array",
                "items": {
                  "$ref": "#/definitions/propertyValue"
                }
              },
              {
                "type": "string"
              },
              {
                "type": "array",
                "items": {
                  "type": "string"
                }
              },
              {
                "type": "string",
                "format": "uri"
              },
              {
                "type": "array",
                "items": {
                  "type": "string",
                  "format": "uri"
                }
              }
            ]
          },
          "isLocatedInSubcellularLocation": {
            "description": "Subcellular location where this BioChemEntity is located; please use PropertyValue if you want to include any evidence.",
            "anyOf": [
              {
                "$ref": "#/definitions/definedTerm"
              },
              {
                "type": "array",
                "items": {
                  "$ref": "#/definitions/definedTerm"
                }
              },
              {
                "$ref": "#/definitions/propertyValue"
              },
              {
                "type": "array",
                "items": {
                  "$ref": "#/definitions/propertyValue"
                }
              },
              {
                "type": "string"
              },
              {
                "type": "array",
                "items": {
                  "type": "string"
                }
              },
              {
                "type": "string",
                "format": "uri"
              },
              {
                "type": "array",
                "items": {
                  "type": "string",
                  "format": "uri"
                }
              }
            ]
          },
          "isPartOfBioChemEntity": {
            "description": "Indicates a BioChemEntity that is (in some sense) a part of this BioChemEntity. Inverse property: hasBioChemEntityPart",
            "oneOf": [
              {
                "$ref": "#/definitions/bioChemEntity"
              },
              {
                "type": "array",
                "items": {
                  "$ref": "#/definitions/bioChemEntity"
                }
              }
            ]
          },
          "taxonomicRange": {
            "description": "The taxonomic grouping of the organism that expresses, encodes, or in someway related to the BioChemEntity.",
            "anyOf": [
              {
                "type": "string"
              },
              {
                "type": "array",
                "items": {
                  "type": "string"
                }
              },
              {
                "$ref": "#/definitions/taxon"
              },
              {
                "type": "array",
                "items": {
                  "$ref": "#/definitions/taxon"
                }
              },
              {
                "type": "string",
                "format": "uri"
              },
              {
                "type": "array",
                "items": {
                  "type": "string",
                  "format": "uri"
                }
              }
            ]
          },
          "alternateName": {
            "description": "An alias for the item.",
            "type": "string"
          },
          "description": {
            "description": "A description of the item.",
            "type": "string"
          },
          "identifier": {
            "description": "The identifier property represents any kind of identifier for any kind of <a class=\"localLink\" href=\"http://schema.org/Thing\">Thing</a>, such as ISBNs, GTIN codes, UUIDs etc. Schema.org provides dedicated properties for representing many of these, either as textual strings or as URL (URI) links. See <a href=\"/docs/datamodel.html#identifierBg\">background notes</a> for more details.",
            "oneOf": [
              {
                "$ref": "#/definitions/propertyValue"
              },
              {
                "type": "string"
              },
              {
                "type": "string",
                "format": "uri"
              }
            ]
          },
          "image": {
            "description": "An image of the item. This can be a <a class=\"localLink\" href=\"http://schema.org/URL\">URL</a> or a fully described <a class=\"localLink\" href=\"http://schema.org/ImageObject\">ImageObject</a>.",
            "oneOf": [
              {
                "type": "string"
              },
              {
                "type": "array",
                "items": {
                  "type": "string"
                }
              }
            ]
          },
          "mainEntityOfPage": {
            "description": "Indicates a page (or other CreativeWork) for which this thing is the main entity being described. See <a href=\"/docs/datamodel.html#mainEntityBackground\">background notes</a> for details.",
            "type": "string",
            "format": "uri"
          },
          "name": {
            "description": "The name of the item.",
            "type": "string"
          },
          "sameAs": {
            "description": "URL of a reference Web page that unambiguously indicates the item's identity. E.g. the URL of the item's Wikipedia page, Wikidata entry, or official website.",
            "oneOf": [
              {
                "type": "string",
                "format": "uri"
              },
              {
                "type": "array",
                "items": {
                  "type": "string",
                  "format": "uri"
                }
              }
            ]
          },
          "url": {
            "description": "URL of the item.",
            "type": "string",
            "format": "uri"
          }
        },
        "required": [
          "identifier",
          "name"
        ],
        "definitions":{
          "taxon": {
            "@type": "bioschemas:Taxon",
            "type": "object",
            "properties": {
              "name": {
                "type": "string"
              },
              "taxonRank": {
                "anyOf": [
                  {
                    "$ref": "#/definitions/propertyValue"
                  },
                  {
                    "type": "array",
                    "items": {
                      "$ref": "#/definitions/propertyValue"
                    }
                  },
                  {
                    "type": "string"
                  },
                  {
                    "type": "array",
                    "items": {
                      "type": "string"
                    }
                  },
                  {
                    "type": "string",
                    "format": "uri"
                  },
                  {
                    "type": "array",
                    "items": {
                      "type": "string",
                      "format": "uri"
                    }
                  }
                ]
              }
            },
            "required": [
              "name",
              "taxonRank"
            ]   
            },
          "propertyValue": {
            "@type": "PropertyValue",
            "type": "object",
            "properties": {
              "name": {
                "type": "string"
              },
              "value": {
                "type": "string"    
              }
            },
            "required": [
            ]  
          },
          "definedTerm": {
            "@type": "DefinedTerm",
            "type": "object",
            "properties": {
              "url": {
                "type": "string",
                "format": "uri"
              },
              "name": {
                "type": "string"    
              },
              "termCode": {
                "type": "string"
              }
            },
            "required": [
            ]  
          },
          "medicalCondition": {
            "@type": "MedicalCondition",
            "type": "object",
            "properties": {
              "url": {
                "type": "string",
                "format": "uri"
              },
              "name": {
                "type": "string"    
              }
            },
            "required": [
            ]  
          },
          "bioChemEntity" : {
            "@type": "bioschemas:BioChemEntity",
            "type": "object",
            "properties": {
              "url": {
                "type": "string",
                "format": "uri"
              },
              "name": {
                "type": "string"    
              }
            },
            "required": [
            ]  
          },
          "gene" : {
            "@type": "bioschemas:Gene",
            "type": "object",
            "properties": {
              "identifier": {
                "anyOf": [
                  {
                    "$ref": "#/definitions/propertyValue"
                  },
                  {
                    "type": "string"
                  },
                  {
                    "type": "string",
                    "format": "uri"
                  }
                ]
              },
              "name": {
                "type": "string"    
              }
            },
            "required": [
            ]  
          },
          "quantitativeValue": {
            "@type": "QuantitativeValue",
            "type": "object",
            "properties": {
              "value": {
                "type": "string" 
              },
              "unitText": {
                "type": "string"    
              }
            },
            "required": [
            ]  
          },
          "anatomicalPart": {
            "anyOf": [
              {
                "@type": "AnatomicalStructure",
                "type": "object",
                "properties": {
                  "name": {
                "type": "string" 
              }
                },
                "required": [
                ]  
              },
              {
                "@type": "AnatomicalSystem",
                "type": "object",
                "properties": {
                  "name": {
                "type": "string" 
              }
                },
                "required": [
                ]  
              }
            ]
      },
          "molecularFunctions": {
            "@type": "DefinedTerm",
            "type": "string",
            "vocabulary": {
              "ontology": [
                "goMolecularFunction"
              ],
              "children_of": [
                "http://purl.obolibrary.org/obo/GO_0003674"
              ]
            },
            "strict": false
          },
          "biologicalProcesses": {
            "@type": "DefinedTerm",
            "type": "string",
            "vocabulary": {
              "ontology": [
                "goBiologicalProcess"
              ],
              "children_of": [
                "http://purl.obolibrary.org/obo/GO_0008150"
              ]
            },
            "strict": false
          },
          "subcellularLocations": {
            "@type": "DefinedTerm",
            "type": "string",
            "vocabulary": {
              "ontology": [
                "goSubcellularLocation"
              ],
              "children_of": [
                "http://purl.obolibrary.org/obo/GO_0005575"
              ]
            },
            "strict": false
          },
          "dna": {
            "@type": "bioschemas:Dna",
            "type": "object",
            "properties": {
              "encodesBioChemEntity": {
                "oneOf": [
                  {
                    "$ref": "#/definitions/bioChemEntity"
                  },
                  {
                    "type": "array",
                    "items": {
                      "$ref": "#/definitions/bioChemEntity"
                    }
                  }
                ]
              },
              "hasSequence": {
                "type": "string"    
              }
            },
            "required": [
            ]                
          },
          "rna": {
            "@type": "bioschemas:Rna",
            "type": "object",
            "properties": {
              "encodesBioChemEntity": {
                "oneOf": [
                  {
                    "$ref": "#/definitions/bioChemEntity"
                  },
                  {
                    "type": "array",
                    "items": {
                      "$ref": "#/definitions/bioChemEntity"
                    }
                  }
                ]
              },
              "hasSequence": {
                "type": "string"    
              }
            },
            "required": [
            ]              
          }
        }
      }
    },
    {
      "@id": "bioschematemp:hasBioPolymerSequence",
      "@type": "rdf:Property",
      "rdfs:comment": "A symbolic representation of a BioChemEnity. For example, a nucleotide sequence of a Gene or an amino acid sequence of a Protein.",
      "rdfs:label": "hasBioPolymerSequence",
      "schema:domainIncludes": {
        "@id": "bioschematemp:Protein"
      },
      "schema:rangeIncludes": [
        {
          "@id": "schema:Text"
        }
      ]
    }
  ]
}